{"ideal_outcome_distribution": {"0": 6.520041399999999e-07, "1": 0.499999031, "2": 3.6540000000000003e-07, "3": 1.0888999999999999e-07, "4": 5.8109999999999996e-08, "5": 3.9281e-08, "6": 3.0808e-08, "7": 2.6942199999999998e-08, "8": 2.5800164e-08, "9": 2.6942199999999998e-08, "10": 3.0808e-08, "11": 3.9281e-08, "12": 5.8109999999999996e-08, "13": 1.0888999999999999e-07, "14": 3.6540000000000003e-07, "15": 0.499999031}, "simulated_outcome_distribution": {"1": 0.5008, "15": 0.4528, "0": 0.0464}, "observed_outcome_distribution": {"0": 0.1912, "2": 0.0024000000000000002, "12": 0.0008, "14": 0.0288, "1": 0.0936, "7": 0.0012, "11": 0.0008, "13": 0.006, "15": 0.67, "3": 0.0012, "5": 0.004}}