{"ideal_outcome_distribution": {"4": 0.5, "12": 0.5}, "simulated_outcome_distribution": {"12": 0.52, "4": 0.48}, "observed_outcome_distribution": {"4": 0.13640000000000002, "12": 0.5804, "14": 0.0016, "3": 0.0736, "11": 0.1444, "15": 0.0048000000000000004, "0": 0.0032, "5": 0.0124, "2": 0.0112, "10": 0.0016, "1": 0.0008, "7": 0.0068, "9": 0.004, "13": 0.0188}}