{"ideal_outcome_distribution": {"0": 1.980277e-07, "1": 2.02903e-07, "2": 2.1679999999999998e-07, "3": 2.447e-07, "4": 2.929e-07, "5": 3.768e-07, "6": 5.363000000000001e-07, "7": 8.82e-07, "8": 1.8740000000000002e-06, "9": 7.245e-06, "10": 0.49997676199999996, "11": 7.152e-06, "12": 1.889e-06, "13": 9.24e-07, "14": 6.031e-07, "15": 4.772e-07, "16": 4.43062e-07, "17": 4.772e-07, "18": 6.031e-07, "19": 9.24e-07, "20": 1.889e-06, "21": 7.152e-06, "22": 0.49997676199999996, "23": 7.245e-06, "24": 1.8740000000000002e-06, "25": 8.82e-07, "26": 5.363000000000001e-07, "27": 3.768e-07, "28": 2.929e-07, "29": 2.447e-07, "30": 2.1679999999999998e-07, "31": 2.02903e-07}, "simulated_outcome_distribution": {"0": 0.01941473395781876, "4": 0.012347831926514573, "16": 0.03070031432641173, "20": 0.039376056033450214, "8": 0.044538095897642474, "12": 0.03890028777977117, "24": 0.04423576481592056, "28": 0.012290474977780925, "2": 0.011792642915043085, "6": 0.022190639984354724, "18": 0.023526668886298594, "22": 0.10487082740215582, "10": 0.1053976924585196, "14": 0.023523398204810118, "26": 0.022328766516638978, "30": 0.011783089970746785, "1": 0.012335501321013636, "5": 0.013509808097819643, "17": 0.020990351240917953, "21": 0.05556433335783347, "9": 0.05772811096063106, "13": 0.022477923825863496, "25": 0.024069260195730774, "29": 0.009037060085138736, "3": 0.009096572861756635, "7": 0.02416906823098429, "19": 0.022576115107696648, "23": 0.058003302337227, "11": 0.05614355776256554, "15": 0.021008691232082734, "27": 0.01373780671560832, "31": 0.01233525061342265}, "observed_outcome_distribution": {"1": 0.03, "2": 0.06, "3": 0.03, "9": 0.03, "16": 0.02, "17": 0.08, "18": 0.08, "19": 0.04, "24": 0.06, "25": 0.03, "26": 0.01, "27": 0.02, "0": 0.02, "8": 0.01, "11": 0.01, "4": 0.01, "6": 0.04, "7": 0.07, "13": 0.03, "14": 0.04, "21": 0.04, "22": 0.05, "28": 0.03, "29": 0.03, "30": 0.02, "31": 0.02, "5": 0.02, "15": 0.01, "20": 0.02, "23": 0.04}}