{"Amplitude Estimation": {"fidelities": [0.9508538636397362, NaN, NaN, NaN, 0.8591884073825721, NaN, NaN, NaN, 0.8217577943025247, NaN, NaN, NaN, NaN, NaN, NaN, NaN, NaN, NaN, 0.6637116108643482, NaN, NaN, NaN], "fidelities_error_bars": [0.02732408590529733, NaN, NaN, NaN, 0.08057709856724729, NaN, NaN, NaN, 0.0649281361338627, NaN, NaN, NaN, NaN, NaN, NaN, NaN, NaN, NaN, 0.07556289402904709, NaN, NaN, NaN], "circuit_width": [4, 4, 4, 4, 5, 5, 5, 5, 6, 6, 6, 6, 6, 6, 6, 6, 6, 6, 7, 7, 7, 7]}, "Quantum Fourier Transform ": {"fidelities": [0.9147740077583626, NaN, NaN, 0.73967095911499, NaN, NaN, NaN, NaN, NaN, 0.7595168048016012, NaN, NaN, NaN, NaN, NaN, 0.6951328299039217, NaN, NaN, 0.6064222323369237, NaN, NaN, 0.34353740010172557, NaN, NaN, 0.18704710587765266, NaN, NaN, NaN, NaN, NaN, 0.16952894154717274, NaN, NaN, 0.13162343819429728, NaN, NaN, 0.0691108948704165, NaN, NaN, 0.06458611143383682, NaN, NaN, 0.025386206724118336, NaN, NaN, 0.0535925596828732, NaN, NaN, NaN, NaN, NaN, 0.017087514787048924, NaN, 0.03962803423983366, NaN, NaN, 0.012484625536095672, NaN, NaN, 0.016965319686735987, NaN, NaN, NaN, NaN, 0.007251108108901703, NaN, NaN, 0.01679147677691535, NaN, NaN, 0.03184135336956093, NaN, NaN, 0.015138236272242398, NaN, NaN, 0.008648662934186147, NaN, NaN, 0.0024879047875049644, NaN, NaN, 0.0007836091804965052, NaN, NaN, 0.000919146870560639, NaN, NaN, 0.00020188854381999715, NaN, NaN], "fidelities_error_bars": [0.032136957284727305, NaN, NaN, 0.0799009414491816, NaN, NaN, NaN, NaN, NaN, 0.04691380250352474, NaN, NaN, NaN, NaN, NaN, 0.054840058144242504, NaN, NaN, 0.05692423885394886, NaN, NaN, 0.07582412745730163, NaN, NaN, 0.05357015126868625, NaN, NaN, NaN, NaN, NaN, 0.043715155126294356, NaN, NaN, 0.031576822738422244, NaN, NaN, 0.02613593796501712, NaN, NaN, 0.01968395131280638, NaN, NaN, 0.013909794164029004, NaN, NaN, 0.038761931256408796, NaN, NaN, NaN, NaN, NaN, 0.01294121358613707, NaN, 0.02466309865356786, NaN, NaN, 0.008375822130998443, NaN, NaN, 0.010646898238741797, NaN, NaN, NaN, NaN, 0.008736729161437657, NaN, NaN, 0.009387267560938745, NaN, NaN, 0.015361420174548895, NaN, NaN, 0.007935365042073029, NaN, NaN, 0.005964725286299962, NaN, NaN, 0.003781247311309026, NaN, NaN, 0.000981431443439228, NaN, NaN, 0.0012133751137342887, NaN, NaN, 0.00041073990365952576, NaN, NaN], "circuit_width": [4, 4, 4, 5, 5, 5, 5, 5, 5, 6, 6, 6, 6, 6, 6, 7, 7, 7, 8, 8, 8, 9, 9, 9, 10, 10, 10, 10, 10, 10, 11, 11, 11, 12, 12, 12, 13, 13, 13, 14, 14, 14, 15, 15, 15, 16, 16, 16, 16, 16, 16, 16, 16, 17, 17, 17, 17, 17, 17, 18, 18, 18, 18, 18, 19, 19, 19, 20, 20, 20, 21, 21, 21, 22, 22, 22, 23, 23, 23, 24, 24, 24, 25, 25, 25, 26, 26, 26, 27, 27, 27]}, "Phase Estimation": {"fidelities": [0.8704595915612362, NaN, NaN, 0.11587899701403927, NaN, NaN, NaN, NaN, NaN, NaN, 0.6655202813384884, NaN, NaN, NaN, NaN, NaN, 0.5909343949858535, NaN, NaN, NaN, NaN, NaN, 0.34353740010172557, NaN, NaN, NaN, NaN, NaN, 0.4883517054388426, NaN, NaN, NaN, NaN, NaN, NaN, NaN, NaN, 0.16952894154717274, NaN, NaN, NaN, NaN, NaN, 0.13162343819429728, NaN, NaN, NaN, NaN, NaN, 0.0691108948704165, NaN, NaN, NaN, NaN, NaN, 0.06458611143383682, NaN, NaN, NaN, NaN, NaN, 0.11492127248234102, NaN, NaN, 0.025386206724118336, NaN, NaN, NaN, NaN, NaN, 0.025386206724118336, NaN, NaN, NaN, NaN, NaN, 0.017087514787048924, NaN, NaN, NaN, NaN, 0.017087514787048924, NaN, NaN, NaN, NaN, 0.012484625536095672, NaN, NaN, NaN, NaN, NaN, 0.012484625536095672, NaN, NaN, NaN, NaN, NaN, 0.05724775092389187, NaN, NaN, 0.03934026416798889, NaN, NaN, 0.0036421880395964366, NaN, NaN, 0.0035155762840768305, NaN, NaN, NaN, 0.004435406561501331, NaN, NaN, 0.03824610126568418, NaN, NaN, 0.017816391888409618, NaN, NaN, 0.007026173030981, NaN, NaN, 0.0027491115163115276, NaN, 0.007806874826643911, NaN, NaN, 0.008927507256817334, NaN, NaN, 0.006084238593356762, NaN, NaN], "fidelities_error_bars": [0.04447288403855903, NaN, NaN, 0.03571430149999093, NaN, NaN, NaN, NaN, NaN, NaN, 0.07798320983120961, NaN, NaN, NaN, NaN, NaN, 0.054597559099947214, NaN, NaN, NaN, NaN, NaN, 0.07582412745730163, NaN, NaN, NaN, NaN, NaN, 0.07252278566096321, NaN, NaN, NaN, NaN, NaN, NaN, NaN, NaN, 0.043715155126294356, NaN, NaN, NaN, NaN, NaN, 0.031576822738422244, NaN, NaN, NaN, NaN, NaN, 0.02613593796501712, NaN, NaN, NaN, NaN, NaN, 0.01968395131280638, NaN, NaN, NaN, NaN, NaN, 0.030788599457093523, NaN, NaN, 0.013909794164029004, NaN, NaN, NaN, NaN, NaN, 0.013909794164029004, NaN, NaN, NaN, NaN, NaN, 0.01294121358613707, NaN, NaN, NaN, NaN, 0.01294121358613707, NaN, NaN, NaN, NaN, 0.008375822130998443, NaN, NaN, NaN, NaN, NaN, 0.008375822130998443, NaN, NaN, NaN, NaN, NaN, 0.017336759016924018, NaN, NaN, 0.020059147885616243, NaN, NaN, 0.003297985638828836, NaN, NaN, 0.0035256224677887127, NaN, NaN, NaN, 0.004047324585854752, NaN, NaN, 0.022931815807440078, NaN, NaN, 0.011229646769997928, NaN, NaN, 0.0065428536552733976, NaN, NaN, 0.003913011785953738, NaN, 0.006865113832805386, NaN, NaN, 0.004317659904739204, NaN, NaN, 0.005608539489412681, NaN, NaN], "circuit_width": [5, 5, 5, 6, 6, 6, 6, 6, 6, 6, 7, 7, 7, 7, 7, 7, 8, 8, 8, 8, 8, 8, 9, 9, 9, 9, 9, 9, 10, 10, 10, 10, 10, 10, 10, 10, 10, 11, 11, 11, 11, 11, 11, 12, 12, 12, 12, 12, 12, 13, 13, 13, 13, 13, 13, 14, 14, 14, 14, 14, 14, 15, 15, 15, 15, 15, 15, 15, 15, 15, 15, 15, 15, 15, 15, 15, 16, 16, 16, 16, 16, 16, 16, 16, 16, 16, 17, 17, 17, 17, 17, 17, 17, 17, 17, 17, 17, 17, 18, 18, 18, 19, 19, 19, 20, 20, 20, 21, 21, 21, 21, 22, 22, 22, 23, 23, 23, 24, 24, 24, 25, 25, 25, 26, 26, 27, 27, 27, 28, 28, 28, 29, 29, 29]}, "Hamiltonian Simulation": {"fidelities": [0.9175853765739599, 0.8678849154561253, 0.8114606637418719, 0.7311584935652294, 0.7163069543831061, 0.6917782092463101, 0.672495633092372, 0.6352771107582879, 0.5706293161093245, 0.5391828856495748, 0.5086053656539524, 0.4606965937467395, 0.4265918102330691, 0.29299152869668726, 0.24607899359399943, 0.22168253318930922, 0.05618515296786292, 0.21062191844372516, 0.05509383047352281, 0.039035456681684996, 0.02144075110217028, 0.01236875946362601, 0.01988252090538318, 0.0756515058087687, 0.05548511594093109], "fidelities_error_bars": [0.03399480061767494, 0.05236716888458643, 0.0857976615550563, 0.0900024339976805, 0.08572851565239836, 0.06903821398244527, 0.07365462292364307, 0.06941552986595272, 0.07034319964128846, 0.07567521114807055, 0.04948634174836491, 0.04739740250565167, 0.048681129966598076, 0.06739820460841925, 0.05924005050772951, 0.05277257259209811, 0.03664145568110106, 0.03854577565340075, 0.0317495838589643, 0.030790852098426174, 0.021804099241949645, 0.015099639656641229, 0.0184422863805183, 0.023602017669796357, 0.02407428633183317], "circuit_width": [4, 5, 6, 7, 8, 9, 10, 11, 12, 13, 14, 15, 16, 17, 18, 19, 20, 21, 22, 23, 24, 25, 26, 27, 28]}, "VQE Simulation ": {"fidelities": [0.5234831306486876, NaN, NaN, NaN, NaN, NaN], "fidelities_error_bars": [0.054492319601185384, NaN, NaN, NaN, NaN, NaN], "circuit_width": [6, 6, 6, 6, 6, 6]}, "Monte Carlo Sampling ": {"fidelities": [0.9190191152934736, 0.7839608045787501, 0.11587899701403927, NaN, NaN, NaN, NaN, NaN, NaN, NaN, NaN, NaN, NaN, NaN], "fidelities_error_bars": [0.06789564836690816, 0.11093187303569373, 0.03571430149999093, NaN, NaN, NaN, NaN, NaN, NaN, NaN, NaN, NaN, NaN, NaN], "circuit_width": [4, 5, 6, 6, 6, 6, 6, 6, 6, 6, 6, 6, 6, 6]}}