{"ideal_outcome_distribution": {"0": 1.980277e-07, "1": 2.02903e-07, "2": 2.1679999999999998e-07, "3": 2.447e-07, "4": 2.929e-07, "5": 3.768e-07, "6": 5.363000000000001e-07, "7": 8.82e-07, "8": 1.8740000000000002e-06, "9": 7.245e-06, "10": 0.49997676199999996, "11": 7.152e-06, "12": 1.889e-06, "13": 9.24e-07, "14": 6.031e-07, "15": 4.772e-07, "16": 4.43062e-07, "17": 4.772e-07, "18": 6.031e-07, "19": 9.24e-07, "20": 1.889e-06, "21": 7.152e-06, "22": 0.49997676199999996, "23": 7.245e-06, "24": 1.8740000000000002e-06, "25": 8.82e-07, "26": 5.363000000000001e-07, "27": 3.768e-07, "28": 2.929e-07, "29": 2.447e-07, "30": 2.1679999999999998e-07, "31": 2.02903e-07}, "simulated_outcome_distribution": {"0": 0.01941473395781876, "1": 0.012335501321013652, "4": 0.012347831926514587, "5": 0.013509808097819643, "2": 0.011792642915043103, "3": 0.009096572861756615, "6": 0.022190639984354745, "7": 0.024169068230984282, "8": 0.044538095897642446, "9": 0.057728110960631, "12": 0.03890028777977114, "13": 0.02247792382586348, "10": 0.10539769245851963, "11": 0.05614355776256559, "14": 0.023523398204810107, "15": 0.021008691232082707, "16": 0.030700314326411727, "17": 0.02099035124091795, "20": 0.03937605603345024, "21": 0.0555643333578335, "18": 0.02352666888629861, "19": 0.0225761151076966, "22": 0.10487082740215586, "23": 0.05800330233722697, "24": 0.04423576481592057, "25": 0.024069260195730795, "28": 0.012290474977780918, "29": 0.009037060085138743, "26": 0.02232876651663899, "27": 0.013737806715608342, "30": 0.011783089970746792, "31": 0.012335250613422664}, "observed_outcome_distribution": {"0": 0.04, "16": 0.03, "8": 0.03, "24": 0.03, "2": 0.02, "26": 0.05, "20": 0.04, "12": 0.02, "28": 0.03, "22": 0.04, "30": 0.04, "1": 0.02, "17": 0.04, "9": 0.05, "25": 0.04, "3": 0.04, "19": 0.05, "11": 0.03, "27": 0.04, "5": 0.04, "13": 0.07, "23": 0.02, "15": 0.03, "31": 0.03, "18": 0.02, "4": 0.02, "6": 0.02, "14": 0.01, "21": 0.02, "29": 0.01, "7": 0.03}}