{"ideal_outcome_distribution": {"0": 1.980277e-07, "1": 2.02903e-07, "2": 2.1679999999999998e-07, "3": 2.447e-07, "4": 2.929e-07, "5": 3.768e-07, "6": 5.363000000000001e-07, "7": 8.82e-07, "8": 1.8740000000000002e-06, "9": 7.245e-06, "10": 0.49997676199999996, "11": 7.152e-06, "12": 1.889e-06, "13": 9.24e-07, "14": 6.031e-07, "15": 4.772e-07, "16": 4.43062e-07, "17": 4.772e-07, "18": 6.031e-07, "19": 9.24e-07, "20": 1.889e-06, "21": 7.152e-06, "22": 0.49997676199999996, "23": 7.245e-06, "24": 1.8740000000000002e-06, "25": 8.82e-07, "26": 5.363000000000001e-07, "27": 3.768e-07, "28": 2.929e-07, "29": 2.447e-07, "30": 2.1679999999999998e-07, "31": 2.02903e-07}, "simulated_outcome_distribution": {"0": 0.019414733957818783, "16": 0.03070031432641173, "2": 0.011792642915043111, "18": 0.0235266688862986, "8": 0.044538095897642446, "24": 0.04423576481592058, "10": 0.10539769245851963, "26": 0.022328766516638995, "1": 0.012335501321013662, "17": 0.02099035124091794, "3": 0.009096572861756639, "19": 0.022576115107696616, "9": 0.057728110960631025, "25": 0.024069260195730774, "11": 0.056143557762565535, "27": 0.013737806715608342, "4": 0.012347831926514572, "20": 0.03937605603345022, "6": 0.02219063998435474, "22": 0.10487082740215584, "12": 0.03890028777977116, "28": 0.012290474977780932, "14": 0.023523398204810107, "30": 0.011783089970746792, "5": 0.013509808097819643, "21": 0.05556433335783348, "7": 0.02416906823098429, "23": 0.05800330233722698, "13": 0.02247792382586347, "29": 0.009037060085138741, "15": 0.021008691232082724, "31": 0.01233525061342267}, "observed_outcome_distribution": {"4": 0.05, "5": 0.03, "12": 0.04, "9": 0.02, "13": 0.03, "6": 0.05, "2": 0.02, "7": 0.04, "3": 0.03, "14": 0.02, "15": 0.03, "0": 0.01, "1": 0.02, "8": 0.02, "10": 0.02, "11": 0.02, "20": 0.03, "17": 0.06, "21": 0.06, "25": 0.02, "29": 0.05, "22": 0.06, "23": 0.05, "26": 0.01, "30": 0.05, "31": 0.04, "27": 0.04, "16": 0.01, "24": 0.02, "28": 0.01, "18": 0.03, "19": 0.01}}